Name,Study_Hours,Attendance,Internal_Marks,Result
Pavni,2,62,42,Fail
Parvesh,4,74,55,Pass
Mihika,5,82,63,Pass
Argun,3,68,48,Fail
Ayushreet,7,91,78,Pass
Wahin,2,57,36,Fail
Wasu,6,85,71,Pass
Punal,3,64,44,Fail
SMPEREEP,8,94,86,Pass
Jashan,5,79,61,Pass
Avni,7,88,75,Pass
Daksh,4,73,56,Pass
Vidyarth,2,59,39,Fail
Vansh,6,83,69,Pass
Shrivatsam,5,77,60,Pass
Aarav,8,92,84,Pass
Vivaan,3,66,47,Fail
Aditya,6,81,68,Pass
Ananya,7,89,77,Pass
Diya,4,71,52,Pass
Ishaan,2,55,35,Fail
Kavya,5,80,64,Pass
Rohan,3,61,43,Fail
Meera,8,96,88,Pass
Arjun,6,86,72,Pass
Simran,4,69,50,Fail
Kartik,7,90,79,Pass
Nandini,5,76,59,Pass
Yuvraj,2,58,38,Fail
Riya,6,84,70,Pass
Harsh,3,67,46,Fail
Isha,7,93,81,Pass
Manav,5,78,62,Pass
Saanvi,4,72,54,Pass
Kabir,8,95,87,Pass
